{"cameraMode":{"drawMode":0,"name":"Shaded","section":"Shading Mode"},"sceneLighting":true,"audioPlay":false,"sceneViewState":{"m_AlwaysRefresh":false,"showFog":true,"showSkybox":false,"showFlares":true,"showImageEffects":true,"showParticleSystems":true,"showVisualEffectGraphs":true,"m_FxEnabled":true},"in2DMode":false,"pivot":{"x":-0.7464985847473145,"y":0.05696821212768555,"z":5.307777404785156},"rotation":{"x":0.15837959945201875,"y":0.5030843615531921,"z":-0.09432997554540634,"w":0.8443898558616638},"size":3.3128421306610109,"orthographic":false}