{"cameraMode":{"drawMode":0,"name":"Shaded","section":"Shading Mode"},"sceneLighting":true,"audioPlay":false,"sceneViewState":{"m_AlwaysRefresh":true,"showFog":true,"showSkybox":true,"showFlares":true,"showImageEffects":true,"showParticleSystems":true,"showVisualEffectGraphs":true,"m_FxEnabled":true},"in2DMode":false,"pivot":{"x":-3.2489168643951418,"y":0.6187422275543213,"z":3.4533565044403078},"rotation":{"x":-0.022131221368908883,"y":-0.7296944260597229,"z":0.02365182712674141,"w":-0.6830412149429321},"size":0.7494160532951355,"orthographic":false}