{"cameraMode":{"drawMode":0,"name":"Shaded","section":"Shading Mode"},"sceneLighting":true,"audioPlay":false,"sceneViewState":{"m_AlwaysRefresh":false,"showFog":true,"showSkybox":false,"showFlares":true,"showImageEffects":true,"showParticleSystems":true,"showVisualEffectGraphs":true,"m_FxEnabled":true},"in2DMode":false,"pivot":{"x":-2.8754124641418459,"y":1.0309714078903199,"z":2.170529365539551},"rotation":{"x":0.24222004413604737,"y":0.6723421216011047,"z":-0.24917441606521607,"w":0.6536480784416199},"size":1.7787725925445557,"orthographic":false}