{"cameraMode":{"drawMode":0,"name":"Shaded","section":"Shading Mode"},"sceneLighting":false,"audioPlay":false,"sceneViewState":{"m_AlwaysRefresh":false,"showFog":true,"showSkybox":false,"showFlares":true,"showImageEffects":true,"showParticleSystems":true,"showVisualEffectGraphs":true,"m_FxEnabled":true},"in2DMode":false,"pivot":{"x":0.2170122265815735,"y":0.5671389102935791,"z":-0.06051981449127197},"rotation":{"x":-0.36008501052856448,"y":-0.014837952330708504,"z":0.005739013198763132,"w":-0.9328100085258484},"size":1.6858795881271363,"orthographic":false}