{"cameraMode":{"drawMode":0,"name":"Shaded","section":"Shading Mode"},"sceneLighting":true,"audioPlay":false,"sceneViewState":{"m_AlwaysRefresh":false,"showFog":true,"showSkybox":true,"showFlares":true,"showImageEffects":true,"showParticleSystems":true,"showVisualEffectGraphs":true,"m_FxEnabled":true},"in2DMode":false,"pivot":{"x":55.96017074584961,"y":85.84037780761719,"z":31.668607711791993},"rotation":{"x":-0.10638393461704254,"y":-0.12227275967597962,"z":0.013170447200536728,"w":-0.9867452383041382},"size":8.219036102294922,"orthographic":false}